Online event,66280
TinkerMill on Delaware Pl.,7348
Online,4607
Galvanize,3665
Extensive Business Solutions Corp.,3619
Nova Labs,2946
Panera Bread,2685
"Counter Culture Labs, at the Omni Commons",2156
Ace Monster Toys,2154
TheLab.ms - Plano's Makerspace,2072
Noisebridge,2027
SYN Shop,1969
HacDC,1921
Freeside Atlanta,1890
denhac,1867
Loveland CreatorSpace,1812
Codesmith,1805
Sandbox Suites - Atrium Room,1791
Improving,1690
Microsoft,1690
Tampa Hackerspace,1690
Decatur Makers,1634
Starbucks,1613
Red Mountain Makerspace,1513
General Assembly @ WeWork,1429
New Melbourne MakerSpace,1406
Pikes Peak Makerspace,1367
Dallas Makerspace,1355
Boulder Digital Arts,1325
Capital Factory,1316
NESIT,1257
Lowell Makes,1235
Hacker Dojo,1208
Splat Space,1207
Hack Manhattan,1183
Practical Programming,1148
Online Webinar,1145
The Iron Yard,1145
Robot Garden,1137
Midsouth Makers,1136
MakeICT Makerspace,1134
Moves & Vibes Dance Studio,1105
Rockville Memorial Library,1077
FUBAR Labs,1073
801 Labs,1055
CT Hackerspace,1049
fat cat fab lab,1032
*Nova Labs (Conference Rm 1),1030
do not use 2,992
OlyMEGA Makerspace,983
Solid State Depot,971
Galvanize Boulder,962
The Maker Station,946
Hack Reactor,941
SLC Arts Hub,940
Computer Club-Oklahoma City,933
*Nova Labs (Conference Rm 3),872
Pivotal Labs,864
WeWork,857
The Labor Party,848
TXRX Labs,819
Geekspace Gwinnett,814
"Lecture Hall - 1825 Monetary Ln #104  Carrollton, TX  75006",804
SecureSet,790
Buffalo Game Space,788
Dublin Entrepreneurial Center,788
Null Space Labs,787
HexLab Makerspace,774
Cross Campus,772
Fab Lab San Diego,770
The Gathering Spot,768
CTRLH - PDX Hackerspace,766
The Gizmo Dojo,757
HeatSync Labs,757
UMakers,745
PDX Code Guild,731
Splat Space - Durham's Hackerspace,729
Fort Collins Creator Hub,712
Pumping Station: One,694
Quelab,686
Baltimore Hackerspace,685
Gaslight,678
General Assembly,674
Pumping Station One: Lounge,657
Inventor Forge Makerspace,650
Mobile Makerspace,649
TinkerMill on Delaware Pl,645
Melbourne Makerspace,636
Hacker Lab,634
MAX Technical Training,633
MakeHartford,619
Capitol Hill Tool Library,613
General Assembly Chicago @ SPACE,610
San Diego Central Library,608
Capital Factory,607
Umakers Makerspace,606
MakerSpace Charlotte,598
General Assembly LA,597
Faulhaber Fab Lab,594
Eugene Makerspace,589
The Factory,585
Make Salt Lake,583
Ansir Innovation Center,579
2603 Camino Ramon,573
Central Library,563
Knox Makers,559
Nova Labs Annex (Classroom A),551
WeWork Coworking & Office Space,551
TEKsystems,551
Urban Workshop,546
Microsoft Corporation,543
Interlock Rochester,542
Code for America,540
Ames MakerSpace,537
Improving Enterprises,534
Noisebridge Hackerspace,532
Learn Programming NYC,527
MakerLabs : building C : KASA/Dome campus,517
TechColumbus,516
ThoughtWorks,509
Soho Cafe,508
The LAB Miami,505
Skookum,504
Nova Labs (Woodshop),503
LVL1 Hackerspace,501
The Iron Yard - St. Petersburg & Tampa,494
Maple Street Biscuit Company,490
Fat Cat Fab Lab,490
Code Fellows,488
Wright Brothers Institute,487
Kzoo Makers,478
Baltimore Node,467
GA Seattle,466
Coding Dojo,463
AHA! (All Hands Active),459
Launch Fishers,459
Rackspace,452
Station Houston,445
LearningFuze,444
MakeHaven,441
Computer Club of Oklahoma City,431
SnoCo Makerspace,431
TrepHub,430
UCSD Geisel Library,428
Westchester Library - Board Room,428
Spark Makerspace,426
TechShop Austin-Round Rock,426
Starfish Mission,422
Jigsaw Renaissance,422
The Makerspace at the Castlewood Library,421
Cafe Racer,419
Dev Bootcamp,419
*Nova Labs (Conference Rm 2),413
10BitWorks Home Location,407
1871,406
23b Shop,405
Melrose Center,404
Wayward Coffeehouse,402
MAKE Ventura,402
Tampa Bay Wave,401
New Relic,399
Akron Makerspace,397
Carbon Five,396
NEST Cowork Space,396
General Assembly Seattle,396
SURF Incubator,387
The Tech Academy,386
MakerFX Makerspace,384
Root Access Hackerspace,384
The Cup Espresso Cafe,383
Arch Reactor,381
Specialty's Cafe & Bakery,380
Make Nashville,379
General Assembly @ rent24,379
The Edney Innovation Center,377
Mangia Pizza,377
Make Nashville Makerspace,375
Eureka Building,371
HackRVA,367
The Museum of Arts and Digital Entertainment,367
ONLINE,363
hack.rva,363
iGate Innovation Hub,362
Anchorage Makerspace,360
HQ Raleigh,358
Pumping Station One: Electronics Lab,356
Panera Bread...in The Bluff shopping Center,355
InNEVation Center (third floor),355
Suncoast Developers Guild,355
Panera Bakery,352
Lost & Found,351
Webcast,351
Coffee Connection,349
Byte Academy,348
The Flatiron School,344
Gainesville Hackerspace,343
The Hacktory,343
Gangplank Queen Creek,340
Microsoft Technology Center,338
Coffee House Cafe,336
Shaker LaunchHouse,335
Microsoft Office,333
GA Denver @ Industry RiNo Station,333
TinkerMill,332
Reforge Charleston,327
"MakeHartford, MakerSpace",327
Founders Floor,326
Pololu Robotics and Electronics,325
San Diego,324
ATX Hackerspace,323
Code Talent,322
LaunchPad NOLA,322
Flatiron School,321
Warp Zone Louisville,320
Umakers,318
Atlanta Tech Village,318
TechShop San Jose - Your DIY Workshop,317
Danbury Innovation Center (old Union Savings Building),317
31Ten Lounge,317
Product School Silicon Valley,313
TheLab.ms - Plano Education Center,307
PeopleSpace,306
Adobe,305
sFoundation / OnePiece Work,304
Coding Temple,303
StarSpace 46,303
CoverMyMeds,296
Webinar,296
Code & Supply Community Center,295
Business Development Center,295
36Â°N,293
Area515 Makerspace,292
Dave's Workshop,292
Cambridge Hackspace,290
Yelp,290
"Cambridge Innovation Center, 4th Floor Cafe",289
Collaborative Research Association of Social Hacktivity (Crash Space),288
Cyberia LTD (In the Park 6800 Building),288
The Innevation Center,288
TXRX Labs,287
Think Coffee,285
Grand Circus,284
Framingham MakerSpace,284
The Forge by Pillar,282
Cowork South Bay,278
"Purple Classroom - 1825 Monetary Ln #104 Carrollton, TX 75006",278
Innovation Academy,277
SVI HUB,277
"Woodworking Workshop - 1825 Monetary Ln #104  Carrollton, TX  75006",277
The Urban Hive,276
LAX Coworking,275
Galvanize - Denver (Platte),274
Nash Square,271
Metis Livestream,269
Le Pain Quotidien,268
ScribbleSpace,268
WEBINAR,265
Hyatt Regency Santa Clara,265
Newton Free Library,265
The Reno Collective,265
SDE Skills Slack,264
HackPittsburgh,263
Microsoft Reactor,262
Rev1 Ventures,259
Plug and Play Tech Center,259
Whole Foods Market,258
Alchemy Code Lab,258
TBD,257
Saint Louis Science Center,256
Galvanize (2nd Floor),256
Virtual Meet-Up,254
ActionSpot,254
Online Event,254
Appleton Makerspace,253
LVL1 - Louisville's Hackerspace,253
Microsoft Charlotte Office,253
Ruby Skye,253
Bergen County Technical Schools,252
Columbus Idea Foundry,250
Orchard Valley Coffee,249
"Product School, New York",248
Fullstack Academy of Code,248
Espresso Royale,248
SYN/HAK,248
University of Advancing Technology,247
"Denny's Restaurant - 1110 E. Shaw. Ave. Fresno, Calif. 93710 - in the back North-West corner of the middle dining room",247
Bloomington Knights of Columbus Hall,245
Computer History Museum,245
