Free fun in Vegas,33293,0,13821
TinkerMill: The Longmont Makerspace,33365,27482,9276
NOVA Labs,55051,60456,9025
TechLife Columbus,57915,29178,5946
Dallas Makerspace,12356,1691,3348
Python & Data Science Training for Executives & Workers!,5978,7647,3025
Counter Culture Labs,14133,7448,2888
Complete Data Science Skills & Specialization for Executives,5516,7024,2762
Memphis Technology User Groups,19452,7401,2587
TheLab.ms - Everyone's Makerspace,10231,1945,2432
Noisebridge Hackerspace,22755,19330,2399
Ace Makerspace,11761,25731,2285
Red Mountain Makers,6004,1093,2272
Melbourne Makerspace (Florida USA),7899,252,2162
World Technology Forum,7808,14021,2151
Splat Space - Durham's Hackerspace,9585,2133,2128
SYN Shop - Las Vegas Valley Hackerspace,10337,6187,2113
HacDC,7957,1819,2035
"Startup Founders, Cofounders, Entrepreneurs and Engineers",49063,21877,2028
denhac - The Denver Hackerspace,6352,746,2018
Loveland CO Creatorspace,6948,6076,2011
Tampa Hackerspace,15583,13391,1964
ðŸ‘± ðŸ‘¥ Young Bostonians-20s-30s,4633,6848,1949
Freeside Atlanta,14556,5819,1917
www.losangel3s.com,22202,0,1873
Bay Area Entrepreneurs & Startups,57578,25715,1849
Make Salt Lake,6493,10712,1841
TechLife Cincinnati,17527,3971,1808
Robot Garden,7222,5584,1803
"\"Holistic Wellness NYC - Outdoor, Yoga, Hiking, Mind, Body\"",10778,0,1796
Decatur Makers,9758,3451,1779
Chicago Startup Community,12246,3079,1686
UMakers Meetup Group,3001,7576,1672
Seattle Tech Interviews,16505,0,1590
Pumping Station: One,5091,438,1585
fat cat FAB LAB,14518,8132,1584
OlyMEGA,6252,3421,1574
LA Startup Community,24481,24672,1555
Women Who Code SF,55275,58191,1548
Product School San Francisco,28806,0,1478
Pikes Peak Makerspace,5786,5209,1462
San Diego Tech Coffee,8917,13045,1407
Siliconvalley4u,1985,17252,1392
Computer Club of Oklahoma City,2621,135,1366
General Assembly Austin,9718,50,1352
Product School New York,28374,240,1319
Product School Silicon Valley,20050,60,1311
